"",151,153,155,159,162,163,183,189,193,368,650,1567,1502,1549,1564,587
151,0,0,0,0,0,0,0,0,0,0,0,0,0,0,0,0
153,0,0,0,0,0,0,0,0,0,0,0,0,0,0,0,0
155,0,0,0,0,0,0,0,0,0,0,0,0,0,0,0,0
159,0,0,0,0,0,0,0,0,0,0,0,0,0,0,0,0
162,0,0,0,0,0,0,0,0,0,0,0,0,0,0,0,0
163,0,0,0,0,0,0,0,0,0,0,0,0,0,0,0,0
183,0,0,0,0,0,0,0,0,0,0,0,2,0,0,0,0
189,0,0,0,0,0,0,0,0,0,0,0,0,0,0,0,0
193,0,0,0,0,0,0,0,0,0,0,0,0,0,0,0,0
368,0,0,0,0,0,0,0,0,0,0,0,0,0,0,0,0
650,0,0,0,0,0,0,0,0,0,0,0,0,0,0,0,0
1567,0,0,0,0,0,0,2,0,0,0,0,0,0,0,0,0
1502,0,0,0,0,0,0,0,0,0,0,0,0,0,0,0,0
1549,0,0,0,0,0,0,0,0,0,0,0,0,0,0,0,0
1564,0,0,0,0,0,0,0,0,0,0,0,0,0,0,0,0
587,0,0,0,0,0,0,0,0,0,0,0,0,0,0,0,0
